{
    "boot": "project",
    "engine": [
        "node"
    ],
    "packages": {
        "project": {
            "locator": {
                "location": "./"
            }
        },
        "sencha.com/products/extjs3": {
            "locator": {
                "archive": "http://extjs.cachefly.net/ext-3.3.1.zip",
                "resource": true
            }
        },
        "sencha.com/products/extjs4": {
            "locator": {
                "archive": "http://extjs.cachefly.net/ext-4.0.0-com.zip",
                "resource": true
            }
        },
        "nodejs.org/": {
            "provider": "nodejs.org/"
        },
        "pinf.org/loader/": {
            "provider": "pinf.org/loader/"
        },
        "github.com/kriszyp/jsgi-node/": {
            "locator": {
                "archive": "https://github.com/kriszyp/jsgi-node/zipball/v0.2.4",
                "descriptor": {
                    "uid": "https://github.com/kriszyp/jsgi-node/",
                    "native": true
                }
            }
        },
        "github.com/senchalabs/connect/": {
            "locator": {
                "name": "connect",
                "version": "1.6.2",
                "pm": "npm"
            }
        }
    }
}