{
    "rev_no": "2",
    "name": "demohome",
    "title": "\u0413\u043b\u0430\u0432\u043d\u0430\u044f \u0441\u0442\u0440\u0430\u043d\u0438\u0446\u0430 (\u0434\u0435\u043c\u043e)",
    "blocks": "[{\"id\":2,\"type\":\"InthemerBlockSection\",\"class\":\"section\",\"options\":{\"blockName\":\"\u0428\u0430\u043f\u043a\u0430\",\"blockClass\":\"block-2\",\"is_parallax\":false,\"is_pin_down\":null,\"is_inline\":null,\"groupsShow\":[0],\"groupsHide\":false,\"deviceShow\":[0],\"deviceHide\":false,\"blockAnim\":\"none\",\"blockAnimClass\":null,\"blockAnimSpeed\":500,\"blockAnimDelay\":0},\"childs\":[{\"id\":4,\"type\":\"InthemerBlockSection\",\"class\":\"section\",\"options\":{\"blockName\":\"\u0421\u0435\u043a\u0446\u0438\u044f\",\"blockClass\":\"block-4\",\"is_parallax\":null,\"is_pin_down\":null,\"is_inline\":null},\"childs\":[{\"id\":6,\"type\":\"InthemerBlockRow\",\"class\":\"row\",\"options\":{\"blockName\":\"\u0421\u0442\u0440\u043e\u043a\u0430\",\"blockClass\":\"block-6\",\"columnSizes\":[4,8],\"columnClass\":\"md\"},\"childs\":[{\"id\":8,\"type\":\"InthemerBlockColumn\",\"class\":\"column\",\"options\":{\"blockName\":\"\u041b\u043e\u0433\u043e\u0442\u0438\u043f\",\"blockClass\":\"block-8\",\"size\":4,\"class\":\"md\",\"groupsShow\":[0],\"groupsHide\":false,\"deviceShow\":[0],\"deviceHide\":false,\"blockAnim\":\"none\",\"blockAnimClass\":null,\"blockAnimSpeed\":500,\"blockAnimDelay\":0},\"childs\":[{\"id\":12,\"type\":\"InthemerBlockImage\",\"class\":\"image\",\"options\":{\"blockName\":\"\u0418\u0437\u043e\u0431\u0440\u0430\u0436\u0435\u043d\u0438\u0435\",\"blockClass\":\"block-12\",\"src\":\"\/upload\/inthemer\/logo.png\",\"alt\":null,\"title\":null,\"url\":\"\/\",\"placeholdSource\":\"flat\",\"placeholdWidth\":null,\"placeholdHeight\":null}}]},{\"id\":10,\"type\":\"InthemerBlockColumn\",\"class\":\"column\",\"options\":{\"blockName\":\"\u0412\u0435\u0440\u0445\u043d\u0435\u0435 \u043c\u0435\u043d\u044e\",\"blockClass\":\"block-10\",\"size\":8,\"class\":\"md\",\"groupsShow\":[0],\"groupsHide\":false,\"deviceShow\":[0],\"deviceHide\":false,\"blockAnim\":\"none\",\"blockAnimClass\":null,\"blockAnimSpeed\":500,\"blockAnimDelay\":0},\"childs\":[{\"id\":73,\"type\":\"InthemerBlockMenu\",\"class\":\"menu\",\"options\":{\"blockName\":\"\u041d\u0430\u0432\u0438\u0433\u0430\u0446\u0438\u044f\",\"blockClass\":\"block-73\",\"menu\":\"2\",\"sizeClass\":\"sm\",\"orientation\":\"ht\",\"groupsShow\":[0],\"groupsHide\":[\"1\"],\"deviceShow\":[0],\"deviceHide\":false,\"blockAnim\":\"none\",\"blockAnimClass\":null,\"blockAnimSpeed\":500,\"blockAnimDelay\":0}}]}]}]},{\"id\":24,\"type\":\"InthemerBlockSection\",\"class\":\"section\",\"options\":{\"blockName\":\"\u0421\u0435\u043a\u0446\u0438\u044f\",\"blockClass\":\"block-24\",\"is_parallax\":null,\"is_pin_down\":null,\"is_inline\":null},\"childs\":[{\"id\":26,\"type\":\"InthemerBlockRow\",\"class\":\"row\",\"options\":{\"blockName\":\"\u0421\u0442\u0440\u043e\u043a\u0430\",\"blockClass\":\"block-26\",\"columnSizes\":[12],\"columnClass\":\"md\"},\"childs\":[{\"id\":28,\"type\":\"InthemerBlockColumn\",\"class\":\"column\",\"options\":{\"blockName\":\"\u0413\u043b\u0430\u0432\u043d\u043e\u0435 \u043c\u0435\u043d\u044e\",\"blockClass\":\"block-28\",\"size\":12,\"class\":\"md\",\"groupsShow\":[0],\"groupsHide\":false,\"deviceShow\":[0],\"deviceHide\":false,\"blockAnim\":\"none\",\"blockAnimClass\":null,\"blockAnimSpeed\":500,\"blockAnimDelay\":0},\"childs\":[{\"id\":89,\"type\":\"InthemerBlockMenu\",\"class\":\"menu\",\"options\":{\"blockName\":\"\u041d\u0430\u0432\u0438\u0433\u0430\u0446\u0438\u044f\",\"blockClass\":\"block-89\",\"menu\":1,\"sizeClass\":\"sm\",\"orientation\":\"ht\"}}]}]}]},{\"id\":36,\"type\":\"InthemerBlockSlider\",\"class\":\"slider\",\"options\":{\"blockName\":\"\u0421\u043b\u0430\u0439\u0434\u0435\u0440\",\"blockClass\":\"block-36\",\"isAuto\":true,\"isHideNav\":false,\"isDots\":false,\"height\":\"270\",\"slideDelay\":3000,\"animDelay\":500,\"slidesCount\":\"2\",\"groupsShow\":[0],\"groupsHide\":false,\"deviceShow\":[0],\"deviceHide\":false,\"blockAnim\":\"none\",\"blockAnimClass\":null,\"blockAnimSpeed\":500,\"blockAnimDelay\":0},\"childs\":[{\"id\":38,\"type\":\"InthemerBlockSlide\",\"class\":\"slide\",\"options\":{\"blockName\":\"\u0421\u043b\u0430\u0439\u0434 #1\",\"blockClass\":\"block-38\",\"num\":1},\"childs\":[{\"id\":42,\"type\":\"InthemerBlockRow\",\"class\":\"row\",\"options\":{\"blockName\":\"\u0421\u0442\u0440\u043e\u043a\u0430\",\"blockClass\":\"block-31\",\"columnSizes\":[12],\"columnClass\":\"md\"},\"childs\":[{\"id\":44,\"type\":\"InthemerBlockColumn\",\"class\":\"column\",\"options\":{\"blockName\":\"\u041a\u043e\u043b\u043e\u043d\u043a\u0430\",\"blockClass\":\"block-33\",\"size\":12,\"class\":\"md\"},\"childs\":[{\"id\":46,\"type\":\"InthemerBlockHeading\",\"class\":\"heading\",\"options\":{\"blockName\":\"\u0417\u0430\u0433\u043e\u043b\u043e\u0432\u043e\u043a\",\"blockClass\":\"block-35\",\"text\":\"\u0414\u043e\u0431\u0440\u043e \u043f\u043e\u0436\u0430\u043b\u043e\u0432\u0430\u0442\u044c!\",\"type\":1}},{\"id\":47,\"type\":\"InthemerBlockText\",\"class\":\"text\",\"options\":{\"blockName\":\"\u0422\u0435\u043a\u0441\u0442\",\"blockClass\":\"block-47\",\"text\":\"<p>\u0414\u0438\u0437\u0430\u0439\u043d \u044d\u0442\u043e\u0433\u043e \u0441\u0430\u0439\u0442\u0430 \u0441\u043e\u0437\u0434\u0430\u043d \u043f\u0440\u0438 \u043f\u043e\u043c\u043e\u0449\u0438 \u043a\u043e\u043c\u043f\u043e\u043d\u0435\u043d\u0442\u0430 \u041a\u043e\u043d\u0441\u0442\u0440\u0443\u043a\u0442\u043e\u0440 \u0442\u0435\u043c<\/p>\",\"groupsShow\":[0],\"groupsHide\":false,\"deviceShow\":[0],\"deviceHide\":false,\"blockAnim\":\"none\",\"blockAnimClass\":null,\"blockAnimSpeed\":500,\"blockAnimDelay\":0}}]}]}]},{\"id\":40,\"type\":\"InthemerBlockSlide\",\"class\":\"slide\",\"options\":{\"blockName\":\"\u0421\u043b\u0430\u0439\u0434 #2\",\"blockClass\":\"block-40\",\"num\":2},\"childs\":[{\"id\":48,\"type\":\"InthemerBlockRow\",\"class\":\"row\",\"options\":{\"blockName\":\"\u0421\u0442\u0440\u043e\u043a\u0430\",\"blockClass\":\"block-31\",\"columnSizes\":[12],\"columnClass\":\"md\"},\"childs\":[{\"id\":50,\"type\":\"InthemerBlockColumn\",\"class\":\"column\",\"options\":{\"blockName\":\"\u041a\u043e\u043b\u043e\u043d\u043a\u0430\",\"blockClass\":\"block-33\",\"size\":12,\"class\":\"md\"},\"childs\":[{\"id\":52,\"type\":\"InthemerBlockHeading\",\"class\":\"heading\",\"options\":{\"blockName\":\"\u0417\u0430\u0433\u043e\u043b\u043e\u0432\u043e\u043a\",\"blockClass\":\"block-35\",\"text\":\"\u0421\u043e\u0437\u0434\u0430\u0439\u0442\u0435 \u0441\u0432\u043e\u0439 \u0434\u0438\u0437\u0430\u0439\u043d\",\"type\":1,\"groupsShow\":[0],\"groupsHide\":false,\"deviceShow\":[0],\"deviceHide\":false,\"blockAnim\":\"none\",\"blockAnimClass\":null,\"blockAnimSpeed\":500,\"blockAnimDelay\":0}},{\"id\":53,\"type\":\"InthemerBlockText\",\"class\":\"text\",\"options\":{\"blockName\":\"\u0422\u0435\u043a\u0441\u0442\",\"blockClass\":\"block-47\",\"text\":\"<p>\\n\\t\u041f\u0435\u0440\u0435\u0439\u0434\u0438\u0442\u0435 \u0432 <a href=\\\"\/admin\/controllers\/edit\/inthemer\/\\\">\u041a\u043e\u043d\u0441\u0442\u0440\u0443\u043a\u0442\u043e\u0440 \u0442\u0435\u043c<\/a> \u0432 \u041f\u0430\u043d\u0435\u043b\u0438 \u0443\u043f\u0440\u0430\u0432\u043b\u0435\u043d\u0438\u044f InstantCMS 2<\/p>\",\"groupsShow\":[0],\"groupsHide\":false,\"deviceShow\":[0],\"deviceHide\":false,\"blockAnim\":\"none\",\"blockAnimClass\":null,\"blockAnimSpeed\":500,\"blockAnimDelay\":0}}]}]}]}]}]},{\"id\":14,\"type\":\"InthemerBlockSection\",\"class\":\"section\",\"options\":{\"blockName\":\"\u0421\u0435\u043a\u0446\u0438\u044f\",\"blockClass\":\"block-14\",\"is_parallax\":null,\"is_pin_down\":null,\"is_inline\":null},\"childs\":[{\"id\":16,\"type\":\"InthemerBlockRow\",\"class\":\"row\",\"options\":{\"blockName\":\"\u0421\u0442\u0440\u043e\u043a\u0430\",\"blockClass\":\"block-16\",\"columnSizes\":[9,3],\"columnClass\":\"md\"},\"childs\":[{\"id\":18,\"type\":\"InthemerBlockColumn\",\"class\":\"column\",\"options\":{\"blockName\":\"\u041a\u043e\u043b\u043e\u043d\u043a\u0430\",\"blockClass\":\"block-18\",\"size\":9,\"class\":\"md\"},\"childs\":[{\"id\":22,\"type\":\"InthemerBlockWidgets\",\"class\":\"widgets\",\"options\":{\"blockName\":\"\u041f\u043e\u0437\u0438\u0446\u0438\u044f \u0432\u0438\u0434\u0436\u0435\u0442\u043e\u0432\",\"blockClass\":\"block-22\",\"position\":\"left\",\"groupsShow\":[0],\"groupsHide\":false,\"deviceShow\":[0],\"deviceHide\":false,\"blockAnim\":\"none\",\"blockAnimClass\":null,\"blockAnimSpeed\":500,\"blockAnimDelay\":0}}]},{\"id\":20,\"type\":\"InthemerBlockColumn\",\"class\":\"column\",\"options\":{\"blockName\":\"\u041a\u043e\u043b\u043e\u043d\u043a\u0430\",\"blockClass\":\"block-20\",\"size\":3,\"class\":\"md\"},\"childs\":[{\"id\":101,\"type\":\"InthemerBlockWidgets\",\"class\":\"widgets\",\"options\":{\"blockName\":\"\u041f\u043e\u0437\u0438\u0446\u0438\u044f \u0432\u0438\u0434\u0436\u0435\u0442\u043e\u0432\",\"blockClass\":\"block-22\",\"position\":\"right\",\"groupsShow\":[0],\"groupsHide\":false,\"deviceShow\":[0],\"deviceHide\":false,\"blockAnim\":\"none\",\"blockAnimClass\":null,\"blockAnimSpeed\":500,\"blockAnimDelay\":0}}]}]}]},{\"id\":102,\"type\":\"InthemerBlockSection\",\"class\":\"section\",\"options\":{\"blockName\":\"\u0421\u0435\u043a\u0446\u0438\u044f\",\"blockClass\":\"block-102\",\"is_parallax\":null,\"is_pin_down\":true,\"is_inline\":null,\"groupsShow\":[0],\"groupsHide\":false,\"deviceShow\":[0],\"deviceHide\":false,\"blockAnim\":\"none\",\"blockAnimClass\":null,\"blockAnimSpeed\":500,\"blockAnimDelay\":0},\"childs\":[{\"id\":104,\"type\":\"InthemerBlockRow\",\"class\":\"row\",\"options\":{\"blockName\":\"\u0421\u0442\u0440\u043e\u043a\u0430\",\"blockClass\":\"block-104\",\"columnSizes\":[6,6],\"columnClass\":\"sm\",\"groupsShow\":[0],\"groupsHide\":false,\"deviceShow\":[0],\"deviceHide\":false,\"blockAnim\":\"none\",\"blockAnimClass\":null,\"blockAnimSpeed\":500,\"blockAnimDelay\":0},\"childs\":[{\"id\":106,\"type\":\"InthemerBlockColumn\",\"class\":\"column\",\"options\":{\"blockName\":\"\u041a\u043e\u043b\u043e\u043d\u043a\u0430\",\"blockClass\":\"block-106\",\"size\":6,\"class\":\"sm\"},\"childs\":[{\"id\":110,\"type\":\"InthemerBlockText\",\"class\":\"text\",\"options\":{\"blockName\":\"\u0422\u0435\u043a\u0441\u0442\",\"blockClass\":\"block-110\",\"text\":\"<p>\\n\\t\u041c\u043e\u0439 \u0421\u0430\u0439\u0442 &copy; 2018<\/p>\"}}]},{\"id\":108,\"type\":\"InthemerBlockColumn\",\"class\":\"column\",\"options\":{\"blockName\":\"\u041a\u043e\u043b\u043e\u043d\u043a\u0430\",\"blockClass\":\"block-108\",\"size\":6,\"class\":\"sm\"},\"childs\":[{\"id\":111,\"type\":\"InthemerBlockMenu\",\"class\":\"menu\",\"options\":{\"blockName\":\"\u041d\u0430\u0432\u0438\u0433\u0430\u0446\u0438\u044f\",\"blockClass\":\"block-111\",\"menu\":\"3\",\"sizeClass\":\"sm\",\"orientation\":\"hb\"}}]}]}]}]",
    "options": "{\"cssBaseColor\":\"#51677D\",\"cssAccentColor\":\"#7f8c8d\",\"cssTextColor\":\"#2B2B2B\",\"cssUIColor\":\"#ecf0f1\",\"cssLinkColor\":\"rgb(52, 152, 219)\",\"cssBgColor\":\"#E5E9EC\",\"cssFontFamily\":\"Open Sans, sans-serif\",\"fontUrls\":\"https:\/\/fonts.googleapis.com\/css?family=Open+Sans\\nhttps:\/\/fonts.googleapis.com\/css?family=Open+Sans+Condensed:300\\nhttps:\/\/fonts.googleapis.com\/css?family=Russo+One\",\"cssRowWidth\":\"1100px\",\"cssSectionWidth\":\"100%\"}",
    "data_sources": "{}",
    "selectors": "{\".block-2\":{\"path\":\".block-2\",\"users\":1,\"custom\":{\"active\":\"\",\"base\":\"\",\"hover\":\"\"},\"styles\":{\"full\":{\"active\":{},\"base\":{\"min-height\":\"400px\",\"background-image\":\"url(\\\"\/upload\/inthemer\/background.jpg\\\")\"},\"hover\":{}}}},\".block-4\":{\"path\":\".block-4\",\"users\":1,\"custom\":{\"active\":\"\",\"base\":\"\",\"hover\":\"\"},\"styles\":{\"full\":{\"active\":{},\"base\":{\"background-color\":\"rgba(0, 0, 0, 0.35)\",\"padding-top\":\"15px\",\"padding-bottom\":\"15px\"},\"hover\":{}}}},\".block-8\":{\"path\":\".block-8\",\"users\":1,\"custom\":{\"active\":\"\",\"base\":\"\",\"hover\":\"\"},\"styles\":{\"768\":{\"active\":{},\"base\":{\"text-align\":\"center\"},\"hover\":{}},\"full\":{\"active\":{},\"base\":{},\"hover\":{}}}},\".block-12\":{\"path\":\".block-12\",\"users\":1,\"custom\":{\"active\":\"\",\"base\":\"\",\"hover\":\"\"},\"styles\":{\"full\":{\"active\":{},\"base\":{\"margin-top\":\"12px\"},\"hover\":{}}}},\".block-14\":{\"path\":\".block-14\",\"users\":1,\"custom\":{\"active\":\"\",\"base\":\"\",\"hover\":\"\"},\"styles\":{\"full\":{\"active\":{},\"base\":{\"padding-top\":\"20px\",\"padding-bottom\":\"20px\"},\"hover\":{}}}},\".block-13 .menu > li a\":{\"path\":\".block-13 .menu > li a\",\"users\":1,\"custom\":{\"active\":\"\",\"base\":\"\",\"hover\":\"\"},\"styles\":{\"full\":{\"active\":{},\"base\":{\"color\":\"#596E84\"},\"hover\":{\"color\":\"#7D9AB8\"}}}},\".block-13 .menu > li ul a\":{\"path\":\".block-13 .menu > li ul a\",\"users\":1,\"custom\":{\"active\":\"\",\"base\":\"\",\"hover\":\"\"},\"styles\":{\"full\":{\"active\":{},\"base\":{\"text-align\":\"left\",\"background-color\":\"rgba(36, 49, 68, 0.66)\",\"color\":\"#FFFFFF\"},\"hover\":{\"color\":\"#FFFFFF\",\"background-color\":\"#1E2734\"}}}},\".block-30 .menu > li a\":{\"path\":\".block-30 .menu > li a\",\"users\":1,\"custom\":{\"active\":\"\",\"base\":\"\",\"hover\":\"\"},\"styles\":{\"full\":{\"active\":[],\"base\":{\"padding-top\":\"15px\",\"padding-bottom\":\"15px\",\"padding-left\":\"10px\",\"padding-right\":\"10px\",\"color\":\"#DCE7F7\",\"text-transform\":\"uppercase\",\"font-size\":\"14px\"},\"hover\":{\"color\":\"#FFFFFF\",\"background-image\":\"linear-gradient(#4989DB, #3971B8)\"}}}},\".block-30 .menu > li ul a\":{\"path\":\".block-30 .menu > li ul a\",\"users\":1,\"custom\":{\"active\":\"\",\"base\":\"\",\"hover\":\"\"},\"styles\":{\"full\":{\"active\":[],\"base\":{\"text-align\":\"left\",\"background-color\":\"#636C78\",\"padding-top\":\"10px\",\"padding-bottom\":\"10px\",\"color\":\"#CCD7E5\"},\"hover\":[]}}},\".block-24\":{\"path\":\".block-24\",\"users\":1,\"custom\":{\"active\":\"\",\"base\":\"\",\"hover\":\"\"},\"styles\":{\"full\":{\"active\":{},\"base\":{\"background-color\":\"rgba(0, 0, 0, 0.15)\"},\"hover\":{}}}},\".block-31\":{\"path\":\".block-31\",\"users\":3,\"custom\":{\"active\":\"\",\"base\":\"\",\"hover\":\"\"},\"styles\":{\"full\":{\"active\":{},\"base\":{},\"hover\":{}}}},\".block-33\":{\"path\":\".block-33\",\"users\":3,\"custom\":{\"active\":\"\",\"base\":\"\",\"hover\":\"\"},\"styles\":{\"full\":{\"active\":{},\"base\":{\"text-align\":\"center\"},\"hover\":{}}}},\".block-35\":{\"path\":\".block-35\",\"users\":3,\"custom\":{\"active\":\"\",\"base\":\"\",\"hover\":\"\"},\"styles\":{\"425\":{\"active\":{},\"base\":{},\"hover\":{}},\"full\":{\"active\":{},\"base\":{\"font-size\":\"39px\",\"color\":\"#FFFFFF\",\"font-family\":\"\\\"Russo One\\\", sans-serif\"},\"hover\":{}}}},\".block-36 .slide\":{\"path\":\".block-36 .slide\",\"users\":1,\"custom\":{\"active\":\"\",\"base\":\"\",\"hover\":\"\"},\"styles\":{\"425\":{\"active\":{},\"base\":{\"padding-top\":\"50px\"},\"hover\":{}},\"full\":{\"active\":{},\"base\":{\"padding-top\":\"80px\",\"padding-bottom\":\"80px\"},\"hover\":{}}}},\".block-47\":{\"path\":\".block-47\",\"users\":2,\"custom\":{\"active\":\"\",\"base\":\"\",\"hover\":\"\"},\"styles\":{\"425\":{\"active\":{},\"base\":{\"font-size\":\"16px\"},\"hover\":{}},\"full\":{\"active\":{},\"base\":{\"color\":\"#CBD5DF\",\"font-size\":\"24px\",\"font-weight\":\"normal\"},\"hover\":{}}}},\".block-73\":{\"path\":\".block-73\",\"users\":1,\"custom\":{\"active\":\"\",\"base\":\"\",\"hover\":\"\"},\"styles\":{\"768\":{\"active\":{},\"base\":{\"text-align\":\"center\"},\"hover\":{}},\"full\":{\"active\":{},\"base\":{\"text-align\":\"right\",\"font-size\":\"12px\",\"margin-top\":\"8px\"},\"hover\":{}}}},\".block-73 .menu > li ul li > a\":{\"path\":\".block-73 .menu > li ul li > a\",\"users\":1,\"custom\":{\"active\":\"\",\"base\":\"\",\"hover\":\"\"},\"styles\":{\"full\":{\"active\":{},\"base\":{\"text-align\":\"left\",\"background-color\":\"rgba(0, 0, 0, 0.47)\",\"color\":\"rgba(255, 255, 255, 0.71)\",\"padding-left\":\"10px\",\"padding-right\":\"10px\",\"padding-bottom\":\"5px\",\"padding-top\":\"5px\"},\"hover\":{\"color\":\"#FFFFFF\",\"background-color\":\"rgba(0, 0, 0, 0.78)\"}}}},\".block-73 .menu > li > a\":{\"path\":\".block-73 .menu > li > a\",\"users\":1,\"custom\":{\"active\":\"\",\"base\":\"\",\"hover\":\"\"},\"styles\":{\"full\":{\"active\":{},\"base\":{\"color\":\"rgba(247, 247, 247, 0.31)\"},\"hover\":{\"color\":\"rgba(255, 255, 255, 0.8)\"}}}},\".block-10\":{\"path\":\".block-10\",\"users\":1,\"custom\":{\"active\":\"\",\"base\":\"\",\"hover\":\"\"},\"styles\":{\"425\":{\"active\":{},\"base\":{\"text-align\":\"center\",\"display\":\"none\"},\"hover\":{}},\"768\":{\"active\":{},\"base\":{\"min-height\":\"0px\"},\"hover\":{}},\"full\":{\"active\":{},\"base\":{},\"hover\":{}}}},\".block-73 .menu-button\":{\"path\":\".block-73 .menu-button\",\"users\":1,\"custom\":{\"active\":\"\",\"base\":\"\",\"hover\":\"\"},\"styles\":{\"425\":{\"active\":{},\"base\":{\"color\":\"#FFFFFF\",\"font-size\":\"32px\"},\"hover\":{}},\"full\":{\"active\":{},\"base\":{},\"hover\":{}}}},\".block-89\":{\"path\":\".block-89\",\"users\":1,\"custom\":{\"active\":\"\",\"base\":\"\",\"hover\":\"\"},\"styles\":{\"425\":{\"active\":{},\"base\":{\"margin-top\":\"5px\"},\"hover\":{}},\"full\":{\"active\":{},\"base\":{\"text-align\":\"center\"},\"hover\":{}}}},\".block-89 .menu > li > a\":{\"path\":\".block-89 .menu > li > a\",\"users\":1,\"custom\":{\"active\":\"\",\"base\":\"\",\"hover\":\"\"},\"styles\":{\"full\":{\"active\":{},\"base\":{\"text-align\":\"left\",\"text-transform\":\"uppercase\",\"padding-top\":\"15px\",\"padding-bottom\":\"15px\",\"color\":\"rgba(255, 255, 255, 0.69)\"},\"hover\":{\"background-color\":\"#A86E88\",\"color\":\"#FFFFFF\"}}}},\".block-89 .menu > li ul li > a\":{\"path\":\".block-89 .menu > li ul li > a\",\"users\":1,\"custom\":{\"active\":\"\",\"base\":\"\",\"hover\":\"\"},\"styles\":{\"full\":{\"active\":{},\"base\":{\"text-align\":\"left\",\"background-color\":\"rgba(0, 0, 0, 0.77)\",\"color\":\"#D4D4D4\"},\"hover\":{\"background-color\":\"#2F68B0\"}}}},\".block-22 > .widget_tabbed > .tabs\":{\"path\":\".block-22 > .widget_tabbed > .tabs\",\"users\":2,\"custom\":{\"active\":\"\",\"base\":\"\",\"hover\":\"\"},\"styles\":{\"full\":{\"active\":{},\"base\":{\"background-color\":\"#384B6C\",\"font-family\":\"Open Sans Condensed\"},\"hover\":{}}}},\".block-22 > .widget_tabbed\":{\"path\":\".block-22 > .widget_tabbed\",\"users\":2,\"custom\":{\"active\":\"\",\"base\":\"\",\"hover\":\"\"},\"styles\":{\"full\":{\"active\":{},\"base\":{\"border-style\":\"none\",\"margin-bottom\":\"10px\",\"background-color\":\"#FFFFFF\",\"padding\":\"0px\"},\"hover\":{}}}},\".block-22 > .widget_tabbed > .tabs .tab a.active\":{\"path\":\".block-22 > .widget_tabbed > .tabs .tab a.active\",\"users\":2,\"custom\":{\"active\":\"\",\"base\":\"\",\"hover\":\"\"},\"styles\":{\"full\":{\"active\":{},\"base\":{\"background-color\":\"#FFFFFF\",\"color\":\"#384B6C\",\"font-weight\":\"bold\",\"border-style\":\"solid\",\"border-color\":\"#B16081\",\"border-width\":\"0px\",\"border-top-width\":\"2px\"},\"hover\":{}}}},\".block-22 > .widget_tabbed > .tabs .tab a\":{\"path\":\".block-22 > .widget_tabbed > .tabs .tab a\",\"users\":2,\"custom\":{\"active\":\"\",\"base\":\"\",\"hover\":\"\"},\"styles\":{\"full\":{\"active\":{},\"base\":{\"font-size\":\"24px\",\"color\":\"#FFFFFF\"},\"hover\":{}}}},\".block-22 > .widget\":{\"path\":\".block-22 > .widget\",\"users\":2,\"custom\":{\"active\":\"\",\"base\":\"\",\"hover\":\"\"},\"styles\":{\"full\":{\"active\":{},\"base\":{\"border-color\":\"#384B6C\",\"margin-bottom\":\"10px\",\"background-color\":\"#FFFFFF\",\"border-style\":\"none\",\"box-shadow\":\"#AAB1BC 0px 2px 0px 0px\"},\"hover\":{}}}},\".block-22 > .widget > .title\":{\"path\":\".block-22 > .widget > .title\",\"users\":2,\"custom\":{\"active\":\"\",\"base\":\"\",\"hover\":\"\"},\"styles\":{\"full\":{\"active\":{},\"base\":{\"background-color\":\"#384B6C\",\"color\":\"#FFFFFF\",\"font-size\":\"24px\",\"font-family\":\"Open Sans Condensed\"},\"hover\":{}}}},\".block-22 > .widget_tabbed > .tabs .links a\":{\"path\":\".block-22 > .widget_tabbed > .tabs .links a\",\"users\":2,\"custom\":{\"active\":\"\",\"base\":\"\",\"hover\":\"\"},\"styles\":{\"full\":{\"active\":{},\"base\":{\"color\":\"#FFFFFF\",\"font-size\":\"14px\",\"font-family\":\"\\\"Open Sans\\\", sans-serif\",\"text-decoration\":\"none\",\"line-height\":\"36px\"},\"hover\":{\"text-decoration\":\"underline\"}}}},\".block-22 > .widget_tabbed > .widgets > .body\":{\"path\":\".block-22 > .widget_tabbed > .widgets > .body\",\"users\":2,\"custom\":{\"active\":\"\",\"base\":\"\",\"hover\":\"\"},\"styles\":{\"full\":{\"active\":{},\"base\":{\"padding\":\"20px\",\"box-shadow\":\"#AAB1BC 0px 2px 0px 0px\"},\"hover\":{}}}},\".block-22 > .widget > .body\":{\"path\":\".block-22 > .widget > .body\",\"users\":2,\"custom\":{\"active\":\"\",\"base\":\"\",\"hover\":\"\"},\"styles\":{\"full\":{\"active\":{},\"base\":{\"padding\":\"20px\"},\"hover\":{}}}},\".block-22 > .widget > .title .links a\":{\"path\":\".block-22 > .widget > .title .links a\",\"users\":2,\"custom\":{\"active\":\"\",\"base\":\"\",\"hover\":\"\"},\"styles\":{\"full\":{\"active\":{},\"base\":{\"color\":\"#FFFFFF\",\"font-family\":\"\\\"Open Sans\\\", sans-serif\",\"font-size\":\"14px\",\"text-decoration\":\"none\"},\"hover\":{\"text-decoration\":\"underline\"}}}},\".block-22\":{\"path\":\".block-22\",\"users\":2,\"custom\":{\"active\":\"\",\"base\":\"\",\"hover\":\"\"},\"styles\":{\"full\":{\"active\":{},\"base\":{},\"hover\":{}}}},\"undefined\":{\"users\":3,\"custom\":{\"active\":\"\",\"base\":\"\",\"hover\":\"\"},\"styles\":{\"full\":{\"active\":{},\"base\":{},\"hover\":{}}}},\".block-102\":{\"path\":\".block-102\",\"users\":1,\"custom\":{\"active\":\"\",\"base\":\"\",\"hover\":\"\"},\"styles\":{\"full\":{\"active\":{},\"base\":{\"background-color\":\"#09132E\"},\"hover\":{}}}},\".block-110\":{\"path\":\".block-110\",\"users\":1,\"custom\":{\"active\":\"\",\"base\":\"\",\"hover\":\"\"},\"styles\":{\"425\":{\"active\":{},\"base\":{\"text-align\":\"center\"},\"hover\":{}},\"full\":{\"active\":{},\"base\":{\"color\":\"#FFFFFF\",\"padding-top\":\"14px\"},\"hover\":{}}}},\".block-111\":{\"path\":\".block-111\",\"users\":1,\"custom\":{\"active\":\"\",\"base\":\"\",\"hover\":\"\"},\"styles\":{\"full\":{\"active\":{},\"base\":{\"text-align\":\"right\",\"padding-top\":\"6px\"},\"hover\":{}}}},\".block-89 .menu > li.active > a\":{\"path\":\".block-89 .menu > li.active > a\",\"users\":1,\"custom\":{\"active\":\"\",\"base\":\"\",\"hover\":\"\"},\"styles\":{\"full\":{\"active\":{},\"base\":{\"background-color\":\"#A86E88\",\"color\":\"#FFFFFF\"},\"hover\":{}}}},\".block-38\":{\"path\":\".block-38\",\"users\":1,\"custom\":{\"active\":\"\",\"base\":\"\",\"hover\":\"\"},\"styles\":{\"425\":{\"active\":{},\"base\":{},\"hover\":{}},\"full\":{\"active\":{},\"base\":{},\"hover\":{}}}},\".block-89 .menu-button\":{\"path\":\".block-89 .menu-button\",\"users\":1,\"custom\":{\"active\":\"\",\"base\":\"\",\"hover\":\"\"},\"styles\":{\"425\":{\"active\":{},\"base\":{\"color\":\"#FFFFFF\",\"font-size\":\"36px\"},\"hover\":{}},\"full\":{\"active\":{},\"base\":{},\"hover\":{}}}},\".block-28\":{\"path\":\".block-28\",\"users\":1,\"custom\":{\"active\":\"\",\"base\":\"\",\"hover\":\"\"},\"styles\":{\"425\":{\"active\":{},\"base\":{\"text-align\":\"center\"},\"hover\":{}},\"full\":{\"active\":{},\"base\":{},\"hover\":{}}}},\".block-108\":{\"path\":\".block-108\",\"users\":1,\"custom\":{\"active\":\"\",\"base\":\"\",\"hover\":\"\"},\"styles\":{\"425\":{\"active\":{},\"base\":{\"text-align\":\"center\"},\"hover\":{}},\"full\":{\"active\":{},\"base\":{},\"hover\":{}}}}}",
    "scope": "1",
    "mask_pos": null,
    "mask_neg": null,
    "code_head": null,
    "code_body": null,
    "access": "---\ngroups_view:\n  - 0\ngroups_hide: null\ndevice_type:\n  - 0\n"
}